{
  "bounding_box": "-118.5137323688,34.0001996344,-118.4702449172,34.0331651696",
  "aws" : {
    "aws_access_key_id" : "AKIAJYKWZL555ZQNFSIA",
    "aws_secret_access_key" : "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"
  },
  "twitter": {
    "token" : "2379975860-fvNwQM9Kk9bL4A6AyTNdGSSJAKuE9dDnTEISg3q",
    "token_secret" : "JPYjiwcOWnGy6nuJEvDt9owkKaQvXcvN2sryA8wl3kQxL",
    "consumer_key" : "iJm4IBd4wmfJJjOTvQiMOrEXf",
        "consumer_secret" : "9a4G3kwY1w3OmekWdmQGMo2nxLuxTxttjDQrfsRuvI9rUv29O6"
  },
  "mongo": {
    "ip" : "18.236.138.158",
    "port" : 27016,
    "database": "twitter",
    "collection": "tweets"
  },
  "username" : "karl",
  "s3_bucket": "uclax-data-science"
}
